{
  "O2": {
    "rf_presaved": null,
    "rf_retrained": {
      "val_mae": 324.5062231989921,
      "val_r2": 0.30713449269831095,
      "test_mae": 136.18332571634275,
      "test_r2": 0.9207871927984727
    },
    "finetuned": {
      "val_mae": 265.56022039692385,
      "val_r2": 0.4420581342920459,
      "test_mae": 151.68417443338205,
      "test_r2": 0.9125037156965121
    },
    "data_info": {
      "total": 629,
      "valid": 629,
      "train": 377,
      "val": 126,
      "test": 126,
      "target_mean": 413.65786387233703,
      "target_std": 1886.8353224749085,
      "target_min": 7e-07,
      "target_max": 18700.0
    },
    "rf_pretrained_emb": {
      "val_mae": 340.07432320461896,
      "val_r2": 0.4421268713890778,
      "test_mae": 380.29172240452374,
      "test_r2": 0.33308907578465285
    },
    "finetuned_selfies": {
      "val_mae": 308.46608368160156,
      "val_r2": 0.15673765166416287,
      "test_mae": 176.25352238209015,
      "test_r2": 0.7781086497683039
    },
    "finetuned_mmpolymer": {
      "val_mae": 287.4362465692523,
      "val_r2": 0.3283931312873428,
      "test_mae": 139.23846468561024,
      "test_r2": 0.9389152216399135
    }
  },
  "N2": {
    "rf_presaved": null,
    "rf_retrained": {
      "val_mae": 177.10404135596204,
      "val_r2": 0.6749527112020125,
      "test_mae": 168.3437865253994,
      "test_r2": 0.04068430385961341
    },
    "finetuned": {
      "val_mae": 151.91748337993846,
      "val_r2": 0.8328064119720786,
      "test_mae": 170.20973975028178,
      "test_r2": 0.0434013137591166
    },
    "data_info": {
      "total": 616,
      "valid": 616,
      "train": 369,
      "val": 123,
      "test": 124,
      "target_mean": 288.7458552743507,
      "target_std": 1528.561811431369,
      "target_min": 0.00016,
      "target_max": 16600.0
    },
    "rf_pretrained_emb": {
      "val_mae": 270.7638359070732,
      "val_r2": 0.7271177054307385,
      "test_mae": 347.2650741709677,
      "test_r2": -0.8424685575090913
    },
    "finetuned_selfies": {
      "val_mae": 139.33103076702395,
      "val_r2": 0.7064747194220024,
      "test_mae": 202.6172234811841,
      "test_r2": -0.13400303472753516
    },
    "finetuned_mmpolymer": {
      "val_mae": 134.97423055417448,
      "val_r2": 0.7785411662982893,
      "test_mae": 195.85174435238812,
      "test_r2": -0.1869660886107265
    }
  },
  "CO2": {
    "rf_presaved": null,
    "rf_retrained": {
      "val_mae": 678.5157567004575,
      "val_r2": 0.8970893691011393,
      "test_mae": 918.1732503637852,
      "test_r2": 0.28755304784098445
    },
    "finetuned": {
      "val_mae": 698.0755380077458,
      "val_r2": 0.8975208880377519,
      "test_mae": 1334.8227981377095,
      "test_r2": -0.9081030089074198
    },
    "data_info": {
      "total": 584,
      "valid": 584,
      "train": 350,
      "val": 117,
      "test": 117,
      "target_mean": 1420.9612999164383,
      "target_std": 5434.978598345573,
      "target_min": 1.2e-06,
      "target_max": 47000.0
    },
    "rf_pretrained_emb": {
      "val_mae": 1605.073373137675,
      "val_r2": 0.36806833041840137,
      "test_mae": 1347.7498605005126,
      "test_r2": -0.07675634207457804
    },
    "finetuned_selfies": {
      "val_mae": 671.8256654371919,
      "val_r2": 0.8894614072330965,
      "test_mae": 1244.3651627574131,
      "test_r2": -0.553254385006376
    },
    "finetuned_mmpolymer": {
      "val_mae": 748.9497926342422,
      "val_r2": 0.907358631053779,
      "test_mae": 1055.4936442199908,
      "test_r2": -0.10984991789526166
    }
  }
}