id,Tg,FFV,Tc,Density,Rg
1109053969,156.70253,0.3713309,0.18769555,1.123045,17.826
1422188626,176.8357,0.36428386,0.18318817,1.1431818,18.21057
2032016830,142.27577,0.36454797,0.23032841,1.0836993,18.50401
