{
  "config": {
    "checkpoint": "/mnt/data/p1m_pretrain_experiments/outputs/dual_correctdeepchem_pselfies_shared_deep_selfiesmlm_vw1_tw1_e16/best.pt",
    "train_csv": "/mnt/data/p1m_pretrain_experiments/openPolymer/train.csv",
    "test_csv": "/mnt/data/p1m_pretrain_experiments/openPolymer/test.csv",
    "output_dir": "/mnt/data/p1m_pretrain_experiments/outputs/openpolymer_dual_correctdeepchem_e16_smoke_v2",
    "run_name": "dual_correctdeepchem_openpolymer_smoke_v2",
    "wandb_project": "openpolymer-transfer-smoke",
    "folds": 2,
    "batch_size": 32,
    "num_epochs": 1,
    "patience": 1,
    "lr_backbone": 2e-05,
    "lr_head": 0.0001,
    "weight_decay": 0.01,
    "warmup_ratio": 0.05,
    "drop_rate": 0.1,
    "max_len": 256,
    "num_workers": 2,
    "seed": 42,
    "use_amp": true,
    "multi_gpu": true,
    "input_mode": "dual"
  },
  "oof_metrics": {
    "wmae": 0.03721991553902626,
    "num_rows": 7973,
    "Tg_count": 511,
    "Tg_mae": 64.95662689208984,
    "Tg_rmse": 84.86104583740234,
    "Tg_normalized_mae": 0.10472150892019272,
    "FFV_count": 7030,
    "FFV_mae": 0.01547255925834179,
    "FFV_rmse": 0.024425998330116272,
    "FFV_normalized_mae": 0.02812657505273819,
    "Tc_count": 737,
    "Tc_mae": 0.03359521925449371,
    "Tc_rmse": 0.04798469319939613,
    "Tc_normalized_mae": 0.07035648077726364,
    "Density_count": 613,
    "Density_mae": 0.0633203387260437,
    "Density_rmse": 0.10401149839162827,
    "Density_normalized_mae": 0.05796933174133301,
    "Rg_count": 614,
    "Rg_mae": 2.256136655807495,
    "Rg_rmse": 3.220277786254883,
    "Rg_normalized_mae": 0.09044607728719711,
    "elapsed_minutes": 1.546173139413198
  },
  "fold_summaries": [
    {
      "fold": 1,
      "best_epoch": 1,
      "best_val_wmae": 0.03483268991112709,
      "wmae": 0.03483268991112709,
      "Tg_count": 250,
      "Tg_mae": 63.356842041015625,
      "Tg_rmse": 80.99961853027344,
      "Tg_normalized_mae": 0.10214237123727798,
      "FFV_count": 3520,
      "FFV_mae": 0.015346194617450237,
      "FFV_rmse": 0.02479727938771248,
      "FFV_normalized_mae": 0.02789686620235443,
      "Tc_count": 361,
      "Tc_mae": 0.0316738598048687,
      "Tc_rmse": 0.04390725865960121,
      "Tc_normalized_mae": 0.06633269041776657,
      "Density_count": 293,
      "Density_mae": 0.05617011711001396,
      "Density_rmse": 0.09770970046520233,
      "Density_normalized_mae": 0.05142335221171379,
      "Rg_count": 296,
      "Rg_mae": 2.1601779460906982,
      "Rg_rmse": 3.0601389408111572,
      "Rg_normalized_mae": 0.0865991935133934
    },
    {
      "fold": 2,
      "best_epoch": 1,
      "best_val_wmae": 0.03960775211453438,
      "wmae": 0.03960775211453438,
      "Tg_count": 261,
      "Tg_mae": 66.48899841308594,
      "Tg_rmse": 88.40171813964844,
      "Tg_normalized_mae": 0.10719195753335953,
      "FFV_count": 3510,
      "FFV_mae": 0.015599282458424568,
      "FFV_rmse": 0.02404789999127388,
      "FFV_normalized_mae": 0.02835693769156933,
      "Tc_count": 376,
      "Tc_mae": 0.035439930856227875,
      "Tc_rmse": 0.05159715935587883,
      "Tc_normalized_mae": 0.07421974837779999,
      "Density_count": 320,
      "Density_mae": 0.06986726820468903,
      "Density_rmse": 0.10946387052536011,
      "Density_normalized_mae": 0.06396299600601196,
      "Rg_count": 318,
      "Rg_mae": 2.345457077026367,
      "Rg_rmse": 3.3624911308288574,
      "Rg_normalized_mae": 0.0940268337726593
    }
  ],
  "property_weights": {
    "Tg": 0.0020523774437606335,
    "FFV": 0.6239249110221863,
    "Tc": 2.219975471496582,
    "Density": 1.0640941858291626,
    "Rg": 0.04655811935663223
  },
  "property_counts": {
    "Tg": 511,
    "FFV": 7030,
    "Tc": 737,
    "Density": 613,
    "Rg": 614
  },
  "property_ranges": {
    "Tg": 620.2797241210938,
    "FFV": 0.5501046180725098,
    "Tc": 0.47749999165534973,
    "Density": 1.0923075675964355,
    "Rg": 24.944549560546875
  },
  "submission_path": "/mnt/data/p1m_pretrain_experiments/outputs/openpolymer_dual_correctdeepchem_e16_smoke_v2/submission.csv",
  "oof_predictions_path": "/mnt/data/p1m_pretrain_experiments/outputs/openpolymer_dual_correctdeepchem_e16_smoke_v2/oof_predictions.csv"
}