id,Tg,FFV,Tc,Density,Rg
1109053969,309.671366,0.37440598,0.24103014,1.170655,22.718203
1422188626,338.27864,0.37492985,0.2514737,1.1262252,22.97144
2032016830,127.14672200000001,0.35236683,0.26378283,1.0892655,18.490498
