{
  "config": {
    "checkpoint": "/mnt/data/p1m_pretrain_experiments/outputs/dual_correctdeepchem_pselfies_shared_deep_selfiesmlm_vw1_tw1_e16/best.pt",
    "train_csv": "/mnt/data/p1m_pretrain_experiments/openPolymer/train.csv",
    "test_csv": "/mnt/data/p1m_pretrain_experiments/openPolymer/test.csv",
    "output_dir": "/mnt/data/p1m_pretrain_experiments/outputs/openpolymer_dual_correctdeepchem_e16",
    "run_name": "dual_correctdeepchem_pselfies_shared_deep_selfiesmlm_vw1_tw1_e16_openpolymer_cv5",
    "wandb_project": "openpolymer-transfer",
    "folds": 5,
    "batch_size": 16,
    "num_epochs": 25,
    "patience": 5,
    "lr_backbone": 2e-05,
    "lr_head": 0.0001,
    "weight_decay": 0.01,
    "warmup_ratio": 0.05,
    "drop_rate": 0.1,
    "max_len": 256,
    "num_workers": 4,
    "seed": 42,
    "use_amp": true,
    "multi_gpu": true,
    "input_mode": "dual",
    "tg_fahrenheit_postprocess": true
  },
  "oof_metrics": {
    "wmae": 0.030638014897704124,
    "num_rows": 7973,
    "Tg_count": 511,
    "Tg_mae": 115.81297302246094,
    "Tg_rmse": 150.9551239013672,
    "Tg_normalized_mae": 0.1867108792066574,
    "FFV_count": 7030,
    "FFV_mae": 0.00591488229110837,
    "FFV_rmse": 0.013303898274898529,
    "FFV_normalized_mae": 0.010752285830676556,
    "Tc_count": 737,
    "Tc_mae": 0.024030081927776337,
    "Tc_rmse": 0.03723590821027756,
    "Tc_normalized_mae": 0.050324779003858566,
    "Density_count": 613,
    "Density_mae": 0.026211624965071678,
    "Density_rmse": 0.05353599041700363,
    "Density_normalized_mae": 0.023996559903025627,
    "Rg_count": 614,
    "Rg_mae": 1.4153013229370117,
    "Rg_rmse": 2.1664230823516846,
    "Rg_normalized_mae": 0.05673789978027344,
    "elapsed_minutes": 207.35921177864074
  },
  "fold_summaries": [
    {
      "fold": 1,
      "best_epoch": 21,
      "best_val_wmae": 0.020303791388869286,
      "wmae": 0.020303791388869286,
      "Tg_count": 87,
      "Tg_mae": 45.63528060913086,
      "Tg_rmse": 59.095977783203125,
      "Tg_normalized_mae": 0.07357209920883179,
      "FFV_count": 1419,
      "FFV_mae": 0.005513501353561878,
      "FFV_rmse": 0.008670393377542496,
      "FFV_normalized_mae": 0.010022641159594059,
      "Tc_count": 145,
      "Tc_mae": 0.025661064311861992,
      "Tc_rmse": 0.04014960676431656,
      "Tc_normalized_mae": 0.053740449249744415,
      "Density_count": 123,
      "Density_mae": 0.02425656095147133,
      "Density_rmse": 0.04637224227190018,
      "Density_normalized_mae": 0.022206712514162064,
      "Rg_count": 124,
      "Rg_mae": 1.3718005418777466,
      "Rg_rmse": 2.3033089637756348,
      "Rg_normalized_mae": 0.054993998259305954
    },
    {
      "fold": 2,
      "best_epoch": 9,
      "best_val_wmae": 0.02244892157614231,
      "wmae": 0.02244892157614231,
      "Tg_count": 112,
      "Tg_mae": 48.38416290283203,
      "Tg_rmse": 64.09686279296875,
      "Tg_normalized_mae": 0.07800377905368805,
      "FFV_count": 1393,
      "FFV_mae": 0.006956177297979593,
      "FFV_rmse": 0.020044172182679176,
      "FFV_normalized_mae": 0.01264518965035677,
      "Tc_count": 144,
      "Tc_mae": 0.022752894088625908,
      "Tc_rmse": 0.030845798552036285,
      "Tc_normalized_mae": 0.047650039196014404,
      "Density_count": 117,
      "Density_mae": 0.027116181328892708,
      "Density_rmse": 0.03701496124267578,
      "Density_normalized_mae": 0.024824675172567368,
      "Rg_count": 119,
      "Rg_mae": 1.4419200420379639,
      "Rg_rmse": 2.1621158123016357,
      "Rg_normalized_mae": 0.05780501291155815
    },
    {
      "fold": 3,
      "best_epoch": 12,
      "best_val_wmae": 0.022051116451621056,
      "wmae": 0.022051116451621056,
      "Tg_count": 113,
      "Tg_mae": 50.263160705566406,
      "Tg_rmse": 64.9377670288086,
      "Tg_normalized_mae": 0.08103305101394653,
      "FFV_count": 1409,
      "FFV_mae": 0.0059478250332176685,
      "FFV_rmse": 0.010676504112780094,
      "FFV_normalized_mae": 0.010812170803546906,
      "Tc_count": 138,
      "Tc_mae": 0.022417865693569183,
      "Tc_rmse": 0.03620464354753494,
      "Tc_normalized_mae": 0.04694841057062149,
      "Density_count": 113,
      "Density_mae": 0.0326068140566349,
      "Density_rmse": 0.08533334732055664,
      "Density_normalized_mae": 0.029851311817765236,
      "Rg_count": 112,
      "Rg_mae": 1.4377540349960327,
      "Rg_rmse": 2.3074581623077393,
      "Rg_normalized_mae": 0.057638004422187805
    },
    {
      "fold": 4,
      "best_epoch": 22,
      "best_val_wmae": 0.022971292957663536,
      "wmae": 0.022971292957663536,
      "Tg_count": 104,
      "Tg_mae": 52.83000183105469,
      "Tg_rmse": 68.73914337158203,
      "Tg_normalized_mae": 0.08517125248908997,
      "FFV_count": 1402,
      "FFV_mae": 0.0055510601960122585,
      "FFV_rmse": 0.009229425340890884,
      "FFV_normalized_mae": 0.010090917348861694,
      "Tc_count": 153,
      "Tc_mae": 0.026362156495451927,
      "Tc_rmse": 0.04352445900440216,
      "Tc_normalized_mae": 0.055208705365657806,
      "Density_count": 130,
      "Density_mae": 0.023630449548363686,
      "Density_rmse": 0.037919364869594574,
      "Density_normalized_mae": 0.021633513271808624,
      "Rg_count": 130,
      "Rg_mae": 1.3649027347564697,
      "Rg_rmse": 2.073316812515259,
      "Rg_normalized_mae": 0.054717473685741425
    },
    {
      "fold": 5,
      "best_epoch": 20,
      "best_val_wmae": 0.022093098610639572,
      "wmae": 0.022093098610639572,
      "Tg_count": 95,
      "Tg_mae": 52.184349060058594,
      "Tg_rmse": 67.70428466796875,
      "Tg_normalized_mae": 0.08413034677505493,
      "FFV_count": 1407,
      "FFV_mae": 0.005618290975689888,
      "FFV_rmse": 0.014550680294632912,
      "FFV_normalized_mae": 0.01021313201636076,
      "Tc_count": 157,
      "Tc_mae": 0.022839652374386787,
      "Tc_rmse": 0.03389601781964302,
      "Tc_normalized_mae": 0.04783173277974129,
      "Density_count": 130,
      "Density_mae": 0.02426959201693535,
      "Density_rmse": 0.049796152859926224,
      "Density_normalized_mae": 0.022218642756342888,
      "Rg_count": 129,
      "Rg_mae": 1.4638553857803345,
      "Rg_rmse": 1.9930983781814575,
      "Rg_normalized_mae": 0.05868437886238098
    }
  ],
  "property_weights": {
    "Tg": 0.0020523774437606335,
    "FFV": 0.6239249110221863,
    "Tc": 2.219975471496582,
    "Density": 1.0640941858291626,
    "Rg": 0.04655811935663223
  },
  "property_counts": {
    "Tg": 511,
    "FFV": 7030,
    "Tc": 737,
    "Density": 613,
    "Rg": 614
  },
  "property_ranges": {
    "Tg": 620.2797241210938,
    "FFV": 0.5501046180725098,
    "Tc": 0.47749999165534973,
    "Density": 1.0923075675964355,
    "Rg": 24.944549560546875
  },
  "submission_path": "/mnt/data/p1m_pretrain_experiments/outputs/openpolymer_dual_correctdeepchem_e16/submission.csv",
  "oof_predictions_path": "/mnt/data/p1m_pretrain_experiments/outputs/openpolymer_dual_correctdeepchem_e16/oof_predictions.csv",
  "postprocessing": {
    "tg_fahrenheit_postprocess": true,
    "formula": "pred[\"Tg\"] = (9/5) * pred[\"Tg\"] + 32",
    "updated_after_training": true,
    "fold_summaries_note": "fold_summaries remain from the pre-postprocessed run; overall oof_metrics and saved predictions were recomputed after Tg postprocessing."
  }
}